{
    "player":{
      "x": 30,
      "y": 580
    },

    "goal":{
      "x": 68,
      "y": 68
    },

    "spawner":{
      "interval": 1325,
      "speed": 305,
      "lifespan": 3475
    },

    "platforms": [
            {
              "x": 40,
              "y": 115,
              "numTiles": 5,
              "key": "block"
            },
            {
              "x": 720,
              "y": 640,
              "numTiles": 2,
              "key": "block"
            },
            {
              "x": 1600,
              "y": 550,
              "numTiles": 1,
              "key": "block"
            },
            {
              "x": 1700,
              "y": 515,
              "numTiles": 1,
              "key": "block"
            },
            {
              "x": 1800,
              "y": 480,
              "numTiles": 1,
              "key": "block"
            },
            {
              "x": 1900,
              "y": 445,
              "numTiles": 3,
              "key": "block"
            },
            {
              "x": 2100,
              "y": 400,
              "numTiles": 1,
              "key": "block"
            },
            {
              "x": 2200,
              "y": 360,
              "numTiles": 2,
              "key": "block"
            },
            {
              "x": 2350,
              "y": 315,
              "numTiles": 2,
              "key": "block"
            },
            {
              "x": 2450,
              "y": 275,
              "numTiles": 2,
              "key": "block"
            },
            {
              "x": 2350,
              "y": 235,
              "numTiles": 2,
              "key": "block"
            },
            {
              "x": 2225,
              "y": 200,
              "numTiles": 1,
              "key": "block"
            },
            {
              "x": 2100,
              "y": 180,
              "numTiles": 1,
              "key": "block"
            },
            {
              "x": 2000,
              "y": 150,
              "numTiles": 1,
              "key": "block"
            },
            {
              "x": 1825,
              "y": 130,
              "numTiles": 2,
              "key": "block"
            },
            {
              "x": 1700,
              "y": 100,
              "numTiles": 1,
              "key": "block"
            },
            {
              "x": 1000,
              "y": 80,
              "numTiles": 18,
              "key": "block"
            },
            {
              "x": 877.5,
              "y": 12.5,
              "numTiles": 1,
              "key": "block"
            },
            {
              "x": 876,
              "y": 75,
              "numTiles": 1,
              "key": "block"
            },
            {
              "x": 790,
              "y": 12.5,
              "numTiles": 1,
              "key": "block"
            },
            {
              "x": 788.5,
              "y": 75,
              "numTiles": 1,
              "key": "block"
            },
            {
              "x": 701,
              "y": 12.5,
              "numTiles": 1,
              "key": "block"
            },
            {
              "x": 699.5,
              "y": 75,
              "numTiles": 1,
              "key": "block"
            },
            {
              "x": 610,
              "y": 12.5,
              "numTiles": 1,
              "key": "block"
            },
            {
              "x": 608.5,
              "y": 75,
              "numTiles": 1,
              "key": "block"
            },
            {
              "x": 790,
              "y": 12.5,
              "numTiles": 1,
              "key": "block"
            },
            {
              "x": 788.5,
              "y": 75,
              "numTiles": 1,
              "key": "block"
            },
            {
              "x": 350,
              "y": 70,
              "numTiles": 6,
              "key": "block"
            },
            {
              "x": 260,
              "y": 40,
              "numTiles": 2,
              "key": "block"
            },
            {
              "x": 0,
              "y": 600,
              "numTiles": 1,
              "key": "ground"
            },
            {
              "x": 360,
              "y": 600,
              "numTiles": 1,
              "key": "ground"
            },
            {
              "x": 760,
              "y": 600,
              "numTiles": 1,
              "key": "ground"
            },
            {
              "x": 1200,
              "y": 580,
              "numTiles": 1,
              "key": "ground"
            }
        ],

        "fires": [ {
              "x": 1970,
              "y": 425
              },
              {
              "x": 830,
              "y": 580
              },
              {
                "x": 600,
                "y": 580
              },
              {
                "x": 950,
                "y": 580
              },
              {
                "x": 350,
                "y": 580
              },
              {
                "x": 460,
                "y": 580
              },
              {
                "x": 250,
                "y": 580
              },
              {
                "x": 110,
                "y": 580
              },
              {
                "x": 90,
                "y": 580
              },
              {
                "x": 390,
                "y": 580
              },
              {
                "x": 1300,
                "y": 560
              },
              {
                "x": 1500,
                "y": 560
              },
              {
                "x": 1850,
                "y": 110
              },
              {
                "x": 1600,
                "y": 60
              },
              {
                "x": 1575,
                "y": 60
              },
              {
                "x": 1500,
                "y": 60
              },
              {
                "x": 1475,
                "y": 60
              },
              {
                "x": 1400,
                "y": 60
              },
              {
                "x": 1375,
                "y": 60
              },
              {
                "x": 1300,
                "y": 60
              },
              {
                "x": 1275,
                "y": 60
              },
              {
                "x": 1200,
                "y": 60
              },
              {
                "x": 1175,
                "y": 60
              },
              {
                "x": 1100,
                "y": 60
              },
              {
                "x": 1075,
                "y": 60
              },
              {
                "x": 1000,
                "y": 60
              },
              {
                "x": 350,
                "y": 50
              },
              {
                "x": 365,
                "y": 50
              },
              {
                "x": 380,
                "y": 50
              },
              {
                "x": 450,
                "y": 50
              }

              
              
      ],

      "spiders": [{
        "x": 0,
        "y": 500
      }]

}