{
    "player":{
      "x": 316,
      "y": 547
    },

    "goal":{
      "x": 68,
      "y": 68
    },

    "spawner":{
      "interval": 2000,
      "speed": 200,
      "lifespan": 8500
    },

    "platforms": [
            {
              "x": 130,
              "y": 500,
              "numTiles": 6,
              "key": "block"
            },
            {
              "x": 0,
              "y": 400,
              "numTiles": 8,
              "key": "block"
            },
            {
              "x": 5,
              "y": 230,
              "numTiles": 5,
              "key": "block"
            },
            {
              "x": 72,
              "y": 315,
              "numTiles": 7,
              "key": "block"
            },
            {
              "x": 220,
              "y": 190,
              "numTiles": 3,
              "key": "block"
            },
            {
              "x": 40,
              "y": 115,
              "numTiles": 5,
              "key": "block"
            },
            {
              "x": 0,
              "y": 580,
              "numTiles": 1,
              "key": "ground"
            }
        ],

        "fires": [ {
              "x": 257.1,
              "y": 168.8
              },
              {
                "x": 225.5,
                "y": 294.0
              },
              {
                "x": 130.3,
                "y": 94.6
              },
              {
                "x": 10.2,
                "y": 379.1
              },
              {
                "x": 70.4,
                "y": 558.9
              }

      ]
}